,category,description,github_id,homepage,image,name,show,github_url,license,created_at,updated_at,last_commit_pushed_at,fork_count,open_issue_count,closed_issue_count,star_count,commit_count,latest_stable_release_published_at,latest_stable_release_number,release_count,dependent_project_count,github_dependent_project_count,contributor_count,projectrank,projectrank_placing,github_release_downloads,monthly_downloads,trending,iamge,updated_github_id
0,文本分类,facebookresearch fastText.,facebookresearch/fastText,https://github.com/facebookresearch/fastText,./screenshots/facebookresearch-fastText.jpg,facebookresearch-fastText,True,https://github.com/facebookresearch/fastText,MIT,2016-07-16 13:38:42,2022-08-09 22:59:21,2022-03-04 15:19:01,4326,428.0,606.0,23848,379.0,2020-04-28 09:51:33,0.9.2,4.0,3206.0,3206.0,59.0,25,1,,,,,
1,文本分类,brightmart text_classification.,brightmart/text_classification,https://github.com/brightmart/text_classification,./screenshots/text_classification(brightmart).jpg,text_classification(brightmart),True,https://github.com/brightmart/text_classification,MIT,2017-05-30 14:25:42,2022-07-05 03:56:43,2022-07-05 03:56:43,2433,42.0,81.0,7391,324.0,,,,,,15.0,16,3,,,,,
2,文本分类,facebookresearch pytext.,facebookresearch/pytext,https://github.com/facebookresearch/pytext,./screenshots/facebookresearch-pytext.jpg,facebookresearch-pytext,True,https://github.com/facebookresearch/pytext,,2018-07-31 23:40:46,2022-08-11 21:12:39,2022-08-11 21:07:04,791,61.0,74.0,6348,,2020-06-08 23:30:58,0.3.3,9.0,109.0,109.0,230.0,18,2,301.0,6.0,,,
3,机器翻译,tensorflow nmt.,tensorflow/nmt,https://github.com/tensorflow/nmt,./screenshots/tensorflow-nmt.jpg,tensorflow-nmt,True,https://github.com/tensorflow/nmt,Apache-2.0,2017-06-29 00:35:52,2022-07-03 06:18:02,2019-02-13 19:16:47,1886,250.0,175.0,6073,203.0,,,,,,23.0,17,2,,,,,
4,问答系统与聊天机器人,deepmipt DeepPavlov.,deepmipt/DeepPavlov,https://github.com/deepmipt/DeepPavlov,./screenshots/DeepPavlov.jpg,DeepPavlov,True,https://github.com/deepmipt/DeepPavlov,Apache-2.0,2017-11-17 14:35:29,2022-08-18 08:30:24,2022-05-31 12:00:18,1032,54.0,565.0,5833,2615.0,2022-05-31 12:02:13,0.17.4,51.0,274.0,274.0,67.0,24,1,,,,,
5,语音应用,nl8590687 ASRT_SpeechRecognition.,nl8590687/ASRT_SpeechRecognition,https://github.com/nl8590687/ASRT_SpeechRecognition,./screenshots/ASRT_SpeechRecognition.jpg,ASRT_SpeechRecognition,True,https://github.com/nl8590687/ASRT_SpeechRecognition,GPL-3.0,2017-03-06 15:28:21,2022-06-22 04:20:36,2022-05-31 10:17:08,1609,85.0,180.0,5721,284.0,2022-05-20 11:23:50,1.3.0,15.0,,,11.0,20,1,19208.0,376.0,,,
6,机器翻译,OpenNMT OpenNMT-py.,OpenNMT/OpenNMT-py,https://github.com/OpenNMT/OpenNMT-py,./screenshots/OpenNMT-py.jpg,OpenNMT-py,True,https://github.com/OpenNMT/OpenNMT-py,MIT,2017-02-22 19:01:50,2022-08-18 12:16:00,2022-08-18 12:16:00,1986,90.0,1225.0,5680,2591.0,2021-09-14 08:48:31,2.2.0,32.0,147.0,147.0,175.0,24,1,,,-1.0,,
7,时间序列,alan-turing-institute sktime.,alan-turing-institute/sktime,https://github.com/alan-turing-institute/sktime,./screenshots/sktime.jpg,sktime,True,https://github.com/alan-turing-institute/sktime,BSD-3-Clause,2018-11-06 15:08:24,2022-08-22 11:06:05,2022-08-21 22:10:56,886,425.0,858.0,5638,,2022-08-10 23:26:49,0.13.1,28.0,556.0,556.0,193.0,21,1,76.0,1.0,,,
8,问答系统与聊天机器人,deepset-ai haystack.,deepset-ai/haystack,https://github.com/deepset-ai/haystack,./screenshots/haystack.jpg,haystack,True,https://github.com/deepset-ai/haystack,Apache-2.0,2019-11-14 09:05:28,2022-08-22 11:19:46,2022-08-22 11:19:45,827,225.0,1297.0,5216,,2022-08-19 11:32:09,1.7.1,19.0,,,135.0,17,2,15.0,0.0,-5.0,,
9,文本生成,Morizeyao GPT2-Chinese.,Morizeyao/GPT2-Chinese,https://github.com/Morizeyao/GPT2-Chinese,./screenshots/GPT2-Chinese.jpg,GPT2-Chinese,True,https://github.com/Morizeyao/GPT2-Chinese,MIT,2019-05-31 02:07:50,2022-03-17 16:53:20,2021-03-03 07:12:06,1222,73.0,145.0,5185,78.0,,,,,,5.0,14,2,,,-1.0,,
10,文本分类,PaddlePaddle PaddleNLP.,PaddlePaddle/PaddleNLP,https://github.com/PaddlePaddle/PaddleNLP,./screenshots/PaddleNLP.jpg,PaddleNLP,True,https://github.com/PaddlePaddle/PaddleNLP,Apache-2.0,2021-02-05 13:07:42,2022-08-22 12:32:51,2022-08-22 12:07:17,1492,711.0,510.0,5183,,2022-08-01 13:02:58,2.3.5,22.0,776.0,776.0,123.0,22,2,,,,,
11,文本分类,PaddlePaddle ERNIE.,PaddlePaddle/ERNIE,https://github.com/PaddlePaddle/ERNIE,./screenshots/Paddle-ERNIE.jpg,Paddle-ERNIE,True,https://github.com/PaddlePaddle/ERNIE,,2019-03-03 07:31:29,2022-08-22 02:49:38,2022-08-22 02:49:38,1124,20.0,575.0,5072,,2020-06-30 03:16:31,2.4.0,6.0,11.0,11.0,42.0,17,2,,,,,
12,知识图谱,liuhuanyong QASystemOnMedicalKG.,liuhuanyong/QASystemOnMedicalKG,https://github.com/liuhuanyong/QASystemOnMedicalKG,./screenshots/QASystemOnMedicalKG.jpg,QASystemOnMedicalKG,True,https://github.com/liuhuanyong/QASystemOnMedicalKG,,2018-10-04 06:34:36,2022-06-26 02:40:09,2021-10-14 05:11:37,1526,43.0,9.0,4242,30.0,,,,,,2.0,12,2,,,,,
13,知识图谱,ownthink KnowledgeGraphData.,ownthink/KnowledgeGraphData,https://github.com/ownthink/KnowledgeGraphData,./screenshots/KnowledgeGraphData.jpg,KnowledgeGraphData,True,https://github.com/ownthink/KnowledgeGraphData,,2019-10-11 14:08:37,2022-05-07 01:55:35,2022-05-07 01:55:35,658,23.0,8.0,4147,16.0,,,,,,2.0,9,3,,,,,
14,文本分类,649453932 Chinese-Text-Classification-Pytorch.,649453932/Chinese-Text-Classification-Pytorch,https://github.com/649453932/Chinese-Text-Classification-Pytorch,./screenshots/Chinese-Text-Classification-Pytorch.jpg,Chinese-Text-Classification-Pytorch,True,https://github.com/649453932/Chinese-Text-Classification-Pytorch,MIT,2019-07-11 01:38:08,2020-09-23 11:28:21,2020-04-19 05:00:34,1018,54.0,37.0,3786,48.0,,,,,,,13,3,,,,,
15,文本检索与语义匹配,NTMC-Community MatchZoo.,NTMC-Community/MatchZoo,https://github.com/NTMC-Community/MatchZoo,./screenshots/MatchZoo.jpg,MatchZoo,True,https://github.com/NTMC-Community/MatchZoo,Apache-2.0,2017-06-08 08:55:22,2021-06-03 02:58:49,2021-06-02 17:38:16,897,33.0,429.0,3692,1810.0,2019-10-09 19:24:22,2.2,2.0,11.0,11.0,36.0,19,1,,,,,
16,情感分析,bentrevett pytorch-sentiment-analysis.,bentrevett/pytorch-sentiment-analysis,https://github.com/bentrevett/pytorch-sentiment-analysis,./screenshots/pytorch-sentiment-analysis.jpg,pytorch-sentiment-analysis,True,https://github.com/bentrevett/pytorch-sentiment-analysis,MIT,2017-12-13 13:36:40,2022-07-02 18:19:27,2021-07-15 21:41:50,993,21.0,85.0,3577,122.0,,,,,,4.0,14,2,,,,,
17,知识图谱,husthuke awesome-knowledge-graph.,husthuke/awesome-knowledge-graph,https://github.com/husthuke/awesome-knowledge-graph,./screenshots/awesome-knowledge-graph.jpg,awesome-knowledge-graph,True,https://github.com/husthuke/awesome-knowledge-graph,,2018-09-17 13:33:38,2021-03-11 11:20:57,2021-03-11 11:20:45,752,5.0,1.0,3350,48.0,,,,,,,11,3,,,,,
18,知识图谱,qq547276542 Agriculture_KnowledgeGraph.,qq547276542/Agriculture_KnowledgeGraph,https://github.com/qq547276542/Agriculture_KnowledgeGraph,./screenshots/Agriculture_KnowledgeGraph.jpg,Agriculture_KnowledgeGraph,True,https://github.com/qq547276542/Agriculture_KnowledgeGraph,GPL-3.0,2017-11-25 09:26:26,2021-07-15 05:56:22,2021-07-15 05:56:22,1389,56.0,22.0,3215,195.0,,,,,,3.0,14,1,,,,,
19,知识图谱,npubird KnowledgeGraphCourse.,npubird/KnowledgeGraphCourse,https://github.com/npubird/KnowledgeGraphCourse,./screenshots/KnowledgeGraphCourse.jpg,KnowledgeGraphCourse,True,https://github.com/npubird/KnowledgeGraphCourse,,2019-02-28 15:06:26,2020-12-31 07:18:57,2020-12-31 07:18:50,944,9.0,1.0,3007,64.0,,,,,,,11,3,,,,,
20,语音应用,TensorSpeech TensorFlowTTS.,TensorSpeech/TensorFlowTTS,https://github.com/TensorSpeech/TensorFlowTTS,./screenshots/TensorFlowTTS.jpg,TensorFlowTTS,True,https://github.com/TensorSpeech/TensorFlowTTS,Apache-2.0,2020-03-22 03:44:10,2022-03-10 08:34:25,2022-03-10 08:34:25,607,10.0,648.0,2846,771.0,2021-08-21 13:46:37,1.8,8.0,23.0,23.0,39.0,18,2,,,-2.0,,
21,文本分类,649453932 Bert-Chinese-Text-Classification-Pytorch.,649453932/Bert-Chinese-Text-Classification-Pytorch,https://github.com/649453932/Bert-Chinese-Text-Classification-Pytorch,./screenshots/Bert-Chinese-Text-Classification-Pytorch.jpg,Bert-Chinese-Text-Classification-Pytorch,True,https://github.com/649453932/Bert-Chinese-Text-Classification-Pytorch,MIT,2019-07-15 12:08:59,2022-03-25 11:37:58,2021-02-11 15:21:37,663,108.0,36.0,2513,21.0,,,,,,,13,3,,,-1.0,,
22,时间序列,ourownstory neural_prophet.,ourownstory/neural_prophet,https://github.com/ourownstory/neural_prophet,./screenshots/neural_prophet.jpg,neural_prophet,True,https://github.com/ourownstory/neural_prophet,MIT,2020-05-04 05:12:43,2022-08-19 17:11:20,2022-08-18 18:13:16,319,59.0,215.0,2485,,2022-03-22 02:30:23,0.3.2,12.0,109.0,109.0,29.0,20,2,,,,,
23,问答系统与聊天机器人,baidu AnyQ.,baidu/AnyQ,https://github.com/baidu/AnyQ,./screenshots/baidu-AnyQ.jpg,baidu-AnyQ,True,https://github.com/baidu/AnyQ,Apache-2.0,2018-07-02 03:21:55,2020-11-28 12:32:49,2020-11-28 12:32:48,641,63.0,173.0,2416,89.0,,,,,,12.0,13,2,,,,,
24,文本生成,asyml texar.,asyml/texar,https://github.com/asyml/texar,./screenshots/texar.jpg,texar,True,https://github.com/asyml/texar,Apache-2.0,2017-07-22 19:02:05,2021-08-26 09:49:50,2020-07-29 00:38:30,365,31.0,126.0,2300,1719.0,2019-11-19 03:54:40,0.2.4,6.0,26.0,26.0,43.0,20,1,,,,,
25,时间序列,jdb78 pytorch-forecasting.,jdb78/pytorch-forecasting,https://github.com/jdb78/pytorch-forecasting,./screenshots/pytorch-forecasting.jpg,pytorch-forecasting,True,https://github.com/jdb78/pytorch-forecasting,MIT,2020-07-03 13:05:24,2022-08-18 19:43:38,2022-08-18 19:43:30,353,249.0,254.0,2178,1489.0,2022-05-23 11:53:09,0.10.2,29.0,,,32.0,20,2,,,,,
26,阅读理解,namisan mt-dnn.,namisan/mt-dnn,https://github.com/namisan/mt-dnn,./screenshots/mt-dnn.jpg,mt-dnn,True,https://github.com/namisan/mt-dnn,MIT,2019-02-19 22:58:26,2022-08-19 21:52:22,2022-08-19 21:52:17,384,12.0,161.0,2018,547.0,,,,,,21.0,16,1,,,,,
27,语音应用,NVIDIA waveglow.,NVIDIA/waveglow,https://github.com/NVIDIA/waveglow,./screenshots/NVIDIA-waveglow.jpg,NVIDIA-waveglow,True,https://github.com/NVIDIA/waveglow,BSD-3-Clause,2018-11-08 00:41:44,2022-06-21 21:31:37,2020-09-02 17:20:31,472,66.0,181.0,1996,67.0,,,,,,14.0,14,2,,,,,
28,知识图谱,jm199504 Financial-Knowledge-Graphs.,jm199504/Financial-Knowledge-Graphs,https://github.com/jm199504/Financial-Knowledge-Graphs,./screenshots/Financial-Knowledge-Graphs.jpg,Financial-Knowledge-Graphs,True,https://github.com/jm199504/Financial-Knowledge-Graphs,,2019-06-27 01:39:14,2021-05-09 03:25:04,2021-05-09 03:24:43,373,6.0,,1857,86.0,,,,,,3.0,11,3,,,,,
29,情感分析,songyouwei ABSA-PyTorch.,songyouwei/ABSA-PyTorch,https://github.com/songyouwei/ABSA-PyTorch,./screenshots/Aspect-Based-Sentiment-Analysis.jpg,Aspect-Based-Sentiment-Analysis,True,https://github.com/songyouwei/ABSA-PyTorch,MIT,2018-05-09 14:49:33,2022-06-22 04:12:49,2021-08-05 08:17:24,468,76.0,84.0,1609,87.0,,,,,,12.0,14,2,,,,,
30,情感分析,baidu Senta.,baidu/Senta,https://github.com/baidu/Senta,./screenshots/baidu-Senta.jpg,baidu-Senta,True,https://github.com/baidu/Senta,Apache-2.0,2018-07-02 03:22:35,2022-06-22 02:02:35,2020-06-30 07:03:42,341,60.0,20.0,1600,34.0,,,,6.0,6.0,5.0,15,1,,,,,
31,文本分类,kk7nc Text_Classification.,kk7nc/Text_Classification,https://github.com/kk7nc/Text_Classification,./screenshots/Text_Classification.jpg,Text_Classification,True,https://github.com/kk7nc/Text_Classification,MIT,2018-07-06 00:10:18,2022-08-18 05:47:42,2022-03-09 16:41:46,504,1.0,5.0,1579,225.0,,,,,,7.0,15,3,,,,,
32,知识图谱,lemonhu stock-knowledge-graph.,lemonhu/stock-knowledge-graph,https://github.com/lemonhu/stock-knowledge-graph,./screenshots/stock-knowledge-graph.jpg,stock-knowledge-graph,True,https://github.com/lemonhu/stock-knowledge-graph,MIT,2018-10-14 12:16:14,2020-07-23 15:26:02,2020-07-23 15:26:01,525,18.0,3.0,1567,17.0,,,,,,3.0,12,2,,,,,
33,机器翻译,facebookresearch UnsupervisedMT.,facebookresearch/UnsupervisedMT,https://github.com/facebookresearch/UnsupervisedMT,./screenshots/facebookresearch-UnsupervisedMT.jpg,facebookresearch-UnsupervisedMT,True,https://github.com/facebookresearch/UnsupervisedMT,,2018-08-09 14:02:41,2021-09-15 22:00:15,2019-06-07 09:07:46,259,31.0,67.0,1469,,,,,,,3.0,10,3,,,,,
34,文本生成,imcaspar gpt2-ml.,imcaspar/gpt2-ml,https://github.com/imcaspar/gpt2-ml,./screenshots/gpt2-ml.jpg,gpt2-ml,True,https://github.com/imcaspar/gpt2-ml,Apache-2.0,2019-11-05 02:52:26,2022-07-05 21:48:25,2021-01-18 15:31:32,297,17.0,73.0,1450,98.0,2020-05-29 05:06:25,1.0,2.0,,,5.0,18,1,40658.0,1232.0,,,
35,文本分类,Tencent NeuralNLP-NeuralClassifier.,Tencent/NeuralNLP-NeuralClassifier,https://github.com/Tencent/NeuralNLP-NeuralClassifier,./screenshots/NeuralNLP-NeuralClassifier(Tencent).jpg,NeuralNLP-NeuralClassifier(Tencent),True,https://github.com/Tencent/NeuralNLP-NeuralClassifier,,2019-07-04 08:16:11,2022-04-13 13:02:25,2022-04-13 13:02:25,357,5.0,95.0,1398,34.0,,,,,,9.0,11,3,,,,,
36,机器翻译,OpenNMT OpenNMT-tf.,OpenNMT/OpenNMT-tf,https://github.com/OpenNMT/OpenNMT-tf,./screenshots/OpenNMT-tf.jpg,OpenNMT-tf,True,https://github.com/OpenNMT/OpenNMT-tf,MIT,2017-11-02 10:53:22,2022-08-03 15:28:09,2022-08-03 15:28:04,352,22.0,384.0,1336,2000.0,2022-07-29 09:28:30,2.28.0,99.0,81.0,81.0,24.0,23,2,,,,,
37,知识图谱,shaoxiongji knowledge-graphs.,shaoxiongji/knowledge-graphs,https://github.com/shaoxiongji/knowledge-graphs,./screenshots/knowledge-graphs.jpg,knowledge-graphs,True,https://github.com/shaoxiongji/knowledge-graphs,,2019-01-02 03:39:25,2022-08-11 07:33:31,2022-02-24 12:47:46,260,,6.0,1280,68.0,,,,,,6.0,12,2,,,,,
38,知识图谱,lihanghang NLP-Knowledge-Graph.,lihanghang/NLP-Knowledge-Graph,https://github.com/lihanghang/NLP-Knowledge-Graph,./screenshots/NLP-Knowledge-Graph.jpg,NLP-Knowledge-Graph,True,https://github.com/lihanghang/NLP-Knowledge-Graph,MIT,2019-01-29 12:15:57,2021-12-12 03:35:27,2021-12-12 03:35:27,309,,1.0,1217,165.0,,,,,,4.0,14,1,,,,,
39,文本摘要生成,icoxfog417 awesome-text-summarization.,icoxfog417/awesome-text-summarization,https://github.com/icoxfog417/awesome-text-summarization,./screenshots/awesome-text-summarization.jpg,awesome-text-summarization,True,https://github.com/icoxfog417/awesome-text-summarization,MIT,2017-10-04 01:01:43,2020-07-30 07:00:26,2020-07-30 07:00:25,195,,,1165,25.0,,,,,,2.0,12,2,,,,,
40,问答系统与聊天机器人,charlesXu86 Chatbot_CN.,charlesXu86/Chatbot_CN,https://github.com/charlesXu86/Chatbot_CN,./screenshots/Chatbot_CN.jpg,Chatbot_CN,True,https://github.com/charlesXu86/Chatbot_CN,Apache-2.0,2018-08-01 07:06:22,2021-06-13 10:00:09,2021-06-13 09:59:48,376,9.0,2.0,1056,4.0,,,,,,,11,3,,,,,
41,文本摘要生成,dmmiller612 bert-extractive-summarizer.,dmmiller612/bert-extractive-summarizer,https://github.com/dmmiller612/bert-extractive-summarizer,./screenshots/bert-extractive-summarizer.jpg,bert-extractive-summarizer,True,https://github.com/dmmiller612/bert-extractive-summarizer,MIT,2019-05-11 15:33:44,2022-06-21 22:55:58,2022-01-04 00:20:41,251,35.0,65.0,1027,163.0,2022-01-04 00:29:51,0.10.1,16.0,527.0,527.0,10.0,20,1,,,,,
42,语音应用,as-ideas TransformerTTS.,as-ideas/TransformerTTS,https://github.com/as-ideas/TransformerTTS,./screenshots/TransformerTTS.jpg,TransformerTTS,True,https://github.com/as-ideas/TransformerTTS,,2020-03-26 14:21:36,2022-07-22 06:14:38,2021-06-07 11:10:59,187,37.0,49.0,921,461.0,2021-06-03 12:36:31,1.5,3.0,,,5.0,13,3,116.0,4.0,,,
43,知识图谱,zhihao-chen QASystemOnMedicalGraph.,zhihao-chen/QASystemOnMedicalGraph,https://github.com/zhihao-chen/QASystemOnMedicalGraph,./screenshots/QASystemOnMedicalGraph.jpg,QASystemOnMedicalGraph,True,https://github.com/zhihao-chen/QASystemOnMedicalGraph,,2019-01-18 10:06:57,2019-05-24 04:53:58,2019-05-24 04:53:57,285,12.0,,855,15.0,,,,,,3.0,9,3,,,,,
44,文本生成,geek-ai Texygen.,geek-ai/Texygen,https://github.com/geek-ai/Texygen,./screenshots/Texygen.jpg,Texygen,True,https://github.com/geek-ai/Texygen,MIT,2018-01-30 13:06:42,2021-07-03 14:31:53,2018-12-10 17:23:24,195,30.0,18.0,838,72.0,,,,,,6.0,12,2,,,,,
45,机器翻译,EdinburghNLP nematus.,EdinburghNLP/nematus,https://github.com/EdinburghNLP/nematus,./screenshots/nematus.jpg,nematus,True,https://github.com/EdinburghNLP/nematus,BSD-3-Clause,2016-04-26 13:34:49,2022-05-16 14:29:05,2021-10-06 09:39:31,262,8.0,72.0,779,890.0,,,,,,65.0,14,3,,,,,
46,机器翻译,UlionTse translators.,UlionTse/translators,https://github.com/UlionTse/translators,./screenshots/translators.jpg,translators,True,https://github.com/UlionTse/translators,,2017-10-09 11:21:20,2022-08-08 04:15:13,2022-08-06 08:06:04,135,3.0,71.0,765,232.0,,,,315.0,315.0,5.0,15,3,,,,,
47,文本检索与语义匹配,NTMC-Community awesome-neural-models-for-semantic-match.,NTMC-Community/awesome-neural-models-for-semantic-match,https://github.com/NTMC-Community/awesome-neural-models-for-semantic-match,./screenshots/awesome-neural-models-for-semantic-match.jpg,awesome-neural-models-for-semantic-match,True,https://github.com/NTMC-Community/awesome-neural-models-for-semantic-match,MIT,2018-06-18 14:36:33,2020-12-06 10:46:04,2020-12-06 10:46:03,120,5.0,17.0,746,45.0,,,,,,14.0,11,2,,,,,
48,时间序列,zalandoresearch pytorch-ts.,zalandoresearch/pytorch-ts,https://github.com/zalandoresearch/pytorch-ts,./screenshots/pytorch-ts.jpg,pytorch-ts,True,https://github.com/zalandoresearch/pytorch-ts,MIT,2020-03-16 16:47:08,2022-08-02 13:32:58,2022-08-02 13:32:58,123,36.0,44.0,745,437.0,2022-04-24 16:24:31,0.6.0,9.0,10.0,10.0,14.0,18,2,,,3.0,,
49,语音应用,timsainb noisereduce.,timsainb/noisereduce,https://github.com/timsainb/noisereduce,./screenshots/noisereduce.jpg,noisereduce,True,https://github.com/timsainb/noisereduce,MIT,2019-03-06 20:55:12,2022-05-31 07:26:55,2022-05-13 16:29:57,167,22.0,23.0,723,27.0,2022-05-13 16:30:57,2.0.1,5.0,322.0,322.0,5.0,19,1,,,,,
50,文本生成,asyml texar-pytorch.,asyml/texar-pytorch,https://github.com/asyml/texar-pytorch,./screenshots/texar-pytorch.jpg,texar-pytorch,True,https://github.com/asyml/texar-pytorch,Apache-2.0,2019-03-08 01:04:09,2022-04-14 01:26:58,2022-04-14 01:26:14,115,30.0,108.0,720,496.0,2022-04-14 01:27:50,0.1.4,5.0,24.0,24.0,28.0,18,1,,,,,
51,序列标注,z814081807 DeepNER.,z814081807/DeepNER,https://github.com/z814081807/DeepNER,./screenshots/Chinese-DeepNER.jpg,Chinese-DeepNER,True,https://github.com/z814081807/DeepNER,,2020-12-23 11:09:37,2020-12-23 11:57:17,2020-12-23 11:57:16,173,5.0,39.0,699,7.0,,,,,,3.0,9,3,,,,,
52,文本摘要生成,liucongg GPT2-NewsTitle.,liucongg/GPT2-NewsTitle,https://github.com/liucongg/GPT2-NewsTitle,./screenshots/GPT2-NewsTitle.jpg,GPT2-NewsTitle,True,https://github.com/liucongg/GPT2-NewsTitle,Apache-2.0,2020-12-16 07:16:21,2022-03-08 09:24:59,2022-03-08 09:20:22,122,21.0,14.0,690,,,,,,,,10,2,,,,,
53,语音应用,kaituoxu Speech-Transformer.,kaituoxu/Speech-Transformer,https://github.com/kaituoxu/Speech-Transformer,./screenshots/Speech-Transformer.jpg,Speech-Transformer,True,https://github.com/kaituoxu/Speech-Transformer,,2018-11-22 10:53:01,2020-05-07 09:50:28,2020-05-07 09:50:27,191,5.0,34.0,688,22.0,,,,,,2.0,9,3,,,,,
54,问答系统与聊天机器人,Doragd Chinese-Chatbot-PyTorch-Implementation.,Doragd/Chinese-Chatbot-PyTorch-Implementation,https://github.com/Doragd/Chinese-Chatbot-PyTorch-Implementation,./screenshots/Chinese-Chatbot-PyTorch.jpg,Chinese-Chatbot-PyTorch,True,https://github.com/Doragd/Chinese-Chatbot-PyTorch-Implementation,Apache-2.0,2019-05-10 21:29:45,2019-12-13 11:01:55,2019-12-13 11:01:53,160,,7.0,670,10.0,,,,,,5.0,11,3,,,,,
55,文本检索与语义匹配,terrifyzhao text_matching.,terrifyzhao/text_matching,https://github.com/terrifyzhao/text_matching,./screenshots/text_matching.jpg,text_matching,True,https://github.com/terrifyzhao/text_matching,Apache-2.0,2019-04-28 08:58:51,2019-10-12 08:11:59,2019-10-12 08:11:59,182,16.0,,625,56.0,,,,,,,12,2,,,,,
56,机器翻译,UKPLab EasyNMT.,UKPLab/EasyNMT,https://github.com/UKPLab/EasyNMT,./screenshots/EasyNMT.jpg,EasyNMT,True,https://github.com/UKPLab/EasyNMT,Apache-2.0,2021-01-19 12:01:53,2022-08-15 18:06:43,2022-08-15 18:06:43,63,29.0,40.0,614,,2021-04-26 20:18:46,2.0.0,5.0,55.0,55.0,3.0,16,3,,,3.0,,
57,时间序列,oliverguhr transformer-time-series-prediction.,oliverguhr/transformer-time-series-prediction,https://github.com/oliverguhr/transformer-time-series-prediction,./screenshots/transformer-time-series-prediction.jpg,transformer-time-series-prediction,True,https://github.com/oliverguhr/transformer-time-series-prediction,MIT,2020-02-27 09:39:52,2022-08-19 04:15:50,2021-05-04 13:05:02,156,3.0,14.0,612,9.0,,,,,,2.0,11,3,,,2.0,,
58,文本生成,GaoPeng97 transformer-xl-chinese.,GaoPeng97/transformer-xl-chinese,https://github.com/GaoPeng97/transformer-xl-chinese,./screenshots/transformer-xl-chinese.jpg,transformer-xl-chinese,True,https://github.com/GaoPeng97/transformer-xl-chinese,Apache-2.0,2019-04-22 11:04:04,2022-04-07 02:10:14,2022-04-07 02:10:14,203,14.0,25.0,606,68.0,,,,,,12.0,12,2,,,,,
59,文本检索与语义匹配,zhaogaofeng611 TextMatch.,zhaogaofeng611/TextMatch,https://github.com/zhaogaofeng611/TextMatch,./screenshots/TextMatch.jpg,TextMatch,True,https://github.com/zhaogaofeng611/TextMatch,,2020-03-04 04:37:27,2020-03-22 03:35:29,2020-03-22 03:35:29,119,7.0,3.0,584,12.0,,,,,,3.0,8,3,,,,,
60,语音应用,Tomiinek Multilingual_Text_to_Speech.,Tomiinek/Multilingual_Text_to_Speech,https://github.com/Tomiinek/Multilingual_Text_to_Speech,./screenshots/Multilingual_Text_to_Speech.jpg,Multilingual_Text_to_Speech,True,https://github.com/Tomiinek/Multilingual_Text_to_Speech,MIT,2019-08-06 17:01:29,2022-03-23 12:13:24,2022-03-23 12:13:23,120,,69.0,578,224.0,2020-05-26 15:56:05,1.0,1.0,,,4.0,14,2,8513.0,315.0,,,
61,机器翻译,joeynmt joeynmt.,joeynmt/joeynmt,https://github.com/joeynmt/joeynmt,./screenshots/joeynmt.jpg,joeynmt,True,https://github.com/joeynmt/joeynmt,Apache-2.0,2018-10-15 15:00:57,2022-07-08 03:25:21,2022-06-07 12:15:16,147,11.0,63.0,564,,2022-06-02 17:28:58,2.0,6.0,24.0,24.0,34.0,16,3,,,,,
62,时间序列,Azure DeepLearningForTimeSeriesForecasting.,Azure/DeepLearningForTimeSeriesForecasting,https://github.com/Azure/DeepLearningForTimeSeriesForecasting,./screenshots/DeepLearning-For-Time-Series-Forecasting.jpg,DeepLearning-For-Time-Series-Forecasting,True,https://github.com/Azure/DeepLearningForTimeSeriesForecasting,MIT,2018-09-10 07:43:05,2020-11-13 18:01:31,2019-08-07 09:18:26,229,3.0,1.0,563,107.0,2019-07-02 10:45:10,aiconf.beijing.2019,1.0,,,7.0,12,3,,,,,
63,时间序列,sktime sktime-dl.,sktime/sktime-dl,https://github.com/sktime/sktime-dl,./screenshots/sktime-dl.jpg,sktime-dl,True,https://github.com/sktime/sktime-dl,BSD-3-Clause,2019-07-24 12:08:53,2022-06-22 04:22:08,2022-05-06 18:55:01,77,18.0,30.0,558,492.0,,,1.0,10.0,10.0,11.0,15,3,,,,,
64,语音应用,ina-foss inaSpeechSegmenter.,ina-foss/inaSpeechSegmenter,https://github.com/ina-foss/inaSpeechSegmenter,./screenshots/inaSpeechSegmenter.jpg,inaSpeechSegmenter,True,https://github.com/ina-foss/inaSpeechSegmenter,MIT,2018-03-12 16:47:17,2022-02-13 17:53:57,2022-02-13 17:53:47,98,12.0,51.0,522,154.0,2022-02-13 13:46:48,models,1.0,42.0,42.0,9.0,18,2,74881.0,12480.0,4.0,,
65,时间序列,cuge1995 awesome-time-series.,cuge1995/awesome-time-series,https://github.com/cuge1995/awesome-time-series,./screenshots/awesome-time-series.jpg,awesome-time-series,True,https://github.com/cuge1995/awesome-time-series,,2020-03-03 06:29:34,2022-05-23 00:08:39,2022-05-23 00:08:39,82,1.0,7.0,509,237.0,,,,,,12.0,10,3,,,,,
66,文本摘要生成,neulab Text-Summarization-Papers.,neulab/Text-Summarization-Papers,https://github.com/neulab/Text-Summarization-Papers,./screenshots/Text-Summarization-Papers.jpg,Text-Summarization-Papers,True,https://github.com/neulab/Text-Summarization-Papers,,2020-03-03 21:50:43,2020-06-09 23:40:04,2020-06-09 23:39:59,55,2.0,,465,58.0,,,,,,5.0,9,3,,,,,
67,文本生成,ChenChengKuan awesome-text-generation.,ChenChengKuan/awesome-text-generation,https://github.com/ChenChengKuan/awesome-text-generation,./screenshots/awesome-text-generation.jpg,awesome-text-generation,True,https://github.com/ChenChengKuan/awesome-text-generation,,2018-08-21 03:57:35,2021-12-15 19:31:05,2021-12-15 19:31:05,73,1.0,1.0,460,68.0,,,,,,3.0,9,3,,,,,
68,文本检索与语义匹配,eBay Sequence-Semantic-Embedding.,eBay/Sequence-Semantic-Embedding,https://github.com/eBay/Sequence-Semantic-Embedding,./screenshots/eBay-Sequence-Semantic-Embedding.jpg,eBay-Sequence-Semantic-Embedding,True,https://github.com/eBay/Sequence-Semantic-Embedding,Apache-2.0,2016-08-22 23:43:01,2018-12-24 17:10:48,2018-12-24 17:10:19,115,4.0,6.0,453,38.0,,,,,,4.0,11,2,,,,,
69,文本检索与语义匹配,anhaidgroup deepmatcher.,anhaidgroup/deepmatcher,https://github.com/anhaidgroup/deepmatcher,./screenshots/deepmatcher.jpg,deepmatcher,True,https://github.com/anhaidgroup/deepmatcher,BSD-3-Clause,2017-12-01 19:01:11,2021-06-13 01:13:43,2021-06-13 00:22:13,97,62.0,24.0,439,176.0,,,,21.0,21.0,7.0,14,2,,,,,
70,情感分析,cxy229 BDCI2019-SENTIMENT-CLASSIFICATION.,cxy229/BDCI2019-SENTIMENT-CLASSIFICATION,https://github.com/cxy229/BDCI2019-SENTIMENT-CLASSIFICATION,./screenshots/BDCI2019-Sentiment-classification.jpg,BDCI2019-Sentiment-classification,True,https://github.com/cxy229/BDCI2019-SENTIMENT-CLASSIFICATION,,2019-12-24 14:01:32,2020-01-25 08:01:01,2020-01-25 08:01:01,119,,5.0,438,4.0,,,,,,2.0,7,3,,,,,
71,序列标注,yuanxiaosc BERT-for-Sequence-Labeling-and-Text-Classification.,yuanxiaosc/BERT-for-Sequence-Labeling-and-Text-Classification,https://github.com/yuanxiaosc/BERT-for-Sequence-Labeling-and-Text-Classification,./screenshots/BERT-for-Sequence-Labeling-and-Text-Classification.jpg,BERT-for-Sequence-Labeling-and-Text-Classification,True,https://github.com/yuanxiaosc/BERT-for-Sequence-Labeling-and-Text-Classification,Apache-2.0,2019-02-21 12:29:30,2022-08-10 18:56:09,2019-12-03 08:43:11,92,1.0,13.0,413,27.0,,,,,,,12,1,,,,,
72,序列标注,qiufengyuyi sequence_tagging.,qiufengyuyi/sequence_tagging,https://github.com/qiufengyuyi/sequence_tagging,./screenshots/sequence_tagging.jpg,sequence_tagging,True,https://github.com/qiufengyuyi/sequence_tagging,,2019-11-02 13:02:00,2022-05-26 20:12:08,2020-11-10 01:50:21,74,8.0,4.0,392,19.0,,,,,,,8,3,,,,,
73,语音应用,vbelz Speech-enhancement.,vbelz/Speech-enhancement,https://github.com/vbelz/Speech-enhancement,,Speech-enhancement,True,https://github.com/vbelz/Speech-enhancement,MIT,2019-12-14 12:57:36,2022-06-21 23:46:43,2020-01-28 23:47:24,96,12.0,5.0,388,27.0,,,,,,,12,3,,,,./screenshots/Speech-enhancement.jpg,
74,时间序列,EvilPsyCHo Deep-Time-Series-Prediction.,EvilPsyCHo/Deep-Time-Series-Prediction,https://github.com/EvilPsyCHo/Deep-Time-Series-Prediction,./screenshots/Deep-Time-Series-Prediction.jpg,Deep-Time-Series-Prediction,True,https://github.com/EvilPsyCHo/Deep-Time-Series-Prediction,,2019-10-21 06:53:07,2021-12-27 09:25:31,2021-12-27 09:25:26,63,8.0,1.0,377,8.0,,,,,,2.0,7,3,,,,,
75,文本摘要生成,ymfa seq2seq-summarizer.,ymfa/seq2seq-summarizer,https://github.com/ymfa/seq2seq-summarizer,./screenshots/seq2seq-summarizer.jpg,seq2seq-summarizer,True,https://github.com/ymfa/seq2seq-summarizer,MIT,2018-07-16 20:22:30,2019-04-16 17:36:23,2019-04-16 17:36:22,73,13.0,7.0,346,39.0,,,,,,2.0,10,2,,,,,
76,情感分析,CarryChang Customer_Satisfaction_Analysis.,CarryChang/Customer_Satisfaction_Analysis,https://github.com/CarryChang/Customer_Satisfaction_Analysis,./screenshots/Customer_Satisfaction_Analysis.jpg,Customer_Satisfaction_Analysis,True,https://github.com/CarryChang/Customer_Satisfaction_Analysis,Apache-2.0,2018-12-21 07:20:24,2021-02-01 07:40:43,2021-02-01 07:40:43,110,,5.0,331,58.0,,,,,,2.0,10,3,,,,,
77,文本检索与语义匹配,alibaba-edu simple-effective-text-matching.,alibaba-edu/simple-effective-text-matching,https://github.com/alibaba-edu/simple-effective-text-matching,./screenshots/alibaba-simple-effective-text-matching.jpg,alibaba-simple-effective-text-matching,True,https://github.com/alibaba-edu/simple-effective-text-matching,Apache-2.0,2019-05-23 05:12:27,2019-10-11 11:40:11,2019-10-11 11:40:10,65,3.0,7.0,330,8.0,,,,,,,10,3,,,,,
78,问答系统与聊天机器人,wuba qa_match.,wuba/qa_match,https://github.com/wuba/qa_match,./screenshots/58-qa_match.jpg,58-qa_match,True,https://github.com/wuba/qa_match,,2020-03-06 13:47:37,2022-07-19 06:24:55,2022-07-19 02:49:05,79,4.0,10.0,314,43.0,,,,,,6.0,10,3,,,,,
79,语音应用,ZhengkunTian OpenTransformer.,ZhengkunTian/OpenTransformer,https://github.com/ZhengkunTian/OpenTransformer,./screenshots/OpenTransformer.jpg,OpenTransformer,True,https://github.com/ZhengkunTian/OpenTransformer,MIT,2019-12-06 14:12:00,2022-07-21 01:25:09,2022-07-21 01:25:09,66,2.0,41.0,312,150.0,,,,,,4.0,13,3,,,,,
80,序列标注,yongzhuo Macadam.,yongzhuo/Macadam,https://github.com/yongzhuo/Macadam,./screenshots/Macadam.jpg,Macadam,True,https://github.com/yongzhuo/Macadam,MIT,2020-06-04 16:51:33,2022-05-26 20:16:57,2020-07-15 11:31:24,38,,3.0,304,7.0,2020-06-04 17:08:01,0.0.1,2.0,,,2.0,11,2,,,,,
81,文本摘要生成,qingkongzhiqian GPT2-Summary.,qingkongzhiqian/GPT2-Summary,https://github.com/qingkongzhiqian/GPT2-Summary,./screenshots/GPT2-Summary.jpg,GPT2-Summary,True,https://github.com/qingkongzhiqian/GPT2-Summary,,2020-05-21 06:07:47,2020-05-21 12:26:50,2020-05-21 12:26:49,58,19.0,2.0,290,4.0,,,,,,2.0,7,3,,,,,
82,文本检索与语义匹配,alibaba-edu simple-effective-text-matching-pytorch.,alibaba-edu/simple-effective-text-matching-pytorch,https://github.com/alibaba-edu/simple-effective-text-matching-pytorch,./screenshots/alibaba-simple-effective-text-matching-pytorch.jpg,alibaba-simple-effective-text-matching-pytorch,True,https://github.com/alibaba-edu/simple-effective-text-matching-pytorch,Apache-2.0,2019-09-19 07:50:23,2021-09-30 05:54:10,2021-09-30 05:53:32,51,4.0,11.0,271,5.0,,,,,,2.0,9,3,,,,,
83,问答系统与聊天机器人,kushalj001 pytorch-question-answering.,kushalj001/pytorch-question-answering,https://github.com/kushalj001/pytorch-question-answering,./screenshots/pytorch-question-answering.jpg,pytorch-question-answering,True,https://github.com/kushalj001/pytorch-question-answering,MIT,2020-06-25 21:49:07,2020-12-29 10:22:22,2020-11-03 12:24:35,47,5.0,6.0,237,12.0,,,,,,,10,3,,,,,
84,阅读理解,zhuchen03 FreeLB.,zhuchen03/FreeLB,https://github.com/zhuchen03/FreeLB,./screenshots/Adversarial-Training-for-Natural-Language-Understanding.jpg,Adversarial-Training-for-Natural-Language-Understanding,True,https://github.com/zhuchen03/FreeLB,,2020-02-14 01:34:12,2020-09-20 18:45:21,2020-09-20 18:44:59,36,4.0,14.0,230,8.0,,,,,,2.0,7,3,,,,,
85,时间序列,carlomazzaferro scikit-hts.,carlomazzaferro/scikit-hts,https://github.com/carlomazzaferro/scikit-hts,./screenshots/scikit-hts.jpg,scikit-hts,True,https://github.com/carlomazzaferro/scikit-hts,MIT,2019-11-23 11:08:32,2021-11-09 20:38:07,2021-09-02 07:04:20,35,19.0,43.0,195,236.0,,,,15.0,15.0,14.0,14,3,,,,,
86,问答系统与聊天机器人,lots-of-things gpt2-bert-reddit-bot.,lots-of-things/gpt2-bert-reddit-bot,https://github.com/lots-of-things/gpt2-bert-reddit-bot,./screenshots/gpt2-bert-reddit-bot.jpg,gpt2-bert-reddit-bot,True,https://github.com/lots-of-things/gpt2-bert-reddit-bot,CC-BY-SA-4.0,2020-02-05 00:58:25,2020-12-02 03:58:00,2020-12-02 03:57:59,27,,3.0,177,9.0,,,,,,,10,3,,,,,
87,文本生成,wangjiezju1988 aichpoem.,wangjiezju1988/aichpoem,https://github.com/wangjiezju1988/aichpoem,./screenshots/aichpoem.jpg,aichpoem,True,https://github.com/wangjiezju1988/aichpoem,,2020-06-09 09:23:35,2022-07-15 02:57:53,2022-07-15 02:57:53,41,1.0,1.0,163,40.0,,,,,,,10,3,,,2.0,,
88,文本摘要生成,renatoviolin Bart_T5-summarization.,renatoviolin/Bart_T5-summarization,https://github.com/renatoviolin/Bart_T5-summarization,./screenshots/Bart_T5-summarization.jpg,Bart_T5-summarization,True,https://github.com/renatoviolin/Bart_T5-summarization,,2020-03-31 18:27:24,2020-04-02 16:17:54,2020-04-02 16:17:46,38,5.0,3.0,154,12.0,,,,,,2.0,7,3,,,,,
89,文本生成,WiseDoge CoupletAI.,WiseDoge/CoupletAI,https://github.com/WiseDoge/CoupletAI,./screenshots/CoupletAI.jpg,CoupletAI,True,https://github.com/liuslnlp/CoupletAI,MIT,2019-06-27 01:57:14,2020-07-12 15:06:46,2020-07-12 14:45:55,50,2.0,6.0,138,22.0,2019-06-27 12:31:13,1.0,1.0,,,2.0,9,3,268.0,7.0,,,liuslnlp/CoupletAI
90,文本摘要生成,lipiji TranSummar.,lipiji/TranSummar,https://github.com/lipiji/TranSummar,./screenshots/TranSummar.jpg,TranSummar,True,https://github.com/lipiji/TranSummar,MIT,2018-11-16 07:02:49,2022-05-08 03:44:40,2022-05-08 03:46:28,22,2.0,18.0,130,45.0,,,,,,,10,2,,,,,
91,阅读理解,microsoft MT-DNN.,microsoft/MT-DNN,https://github.com/microsoft/MT-DNN,./screenshots/microsoft-Natural-Language-Understanding.jpg,microsoft-Natural-Language-Understanding,True,https://github.com/microsoft/MT-DNN,MIT,2019-10-14 19:25:46,2020-07-02 02:22:07,2020-07-02 02:22:06,25,4.0,1.0,125,13.0,2020-07-02 01:58:18,1.1.0,2.0,,,4.0,11,2,,,,,
92,文本摘要生成,kedz nnsum.,kedz/nnsum,https://github.com/kedz/nnsum,./screenshots/nnsum.jpg,nnsum,True,https://github.com/kedz/nnsum,,2018-04-20 19:15:49,2019-11-06 00:56:41,2019-08-28 14:59:59,18,11.0,2.0,105,68.0,2019-08-28 15:08:01,emnlp18-release,2.0,,,4.0,8,3,,,,,
93,文本检索与语义匹配,renatoviolin Semantic-Search.,renatoviolin/Semantic-Search,https://github.com/renatoviolin/Semantic-Search,./screenshots/Semantic-Search.jpg,Semantic-Search,True,https://github.com/renatoviolin/Semantic-Search,,2020-05-27 23:39:03,2020-08-27 14:05:03,2020-05-28 00:04:43,24,2.0,,104,4.0,,,,,,2.0,6,3,,,,,
94,文本摘要生成,tshi04 LeafNATS.,tshi04/LeafNATS,https://github.com/tshi04/LeafNATS,./screenshots/Neural-Abstractive-Text-Summarization.jpg,Neural-Abstractive-Text-Summarization,True,https://github.com/tshi04/LeafNATS,GPL-3.0,2019-02-06 21:48:45,2020-03-05 18:30:15,2020-03-05 18:30:05,31,2.0,11.0,102,66.0,,,,,,3.0,9,3,,,,,
95,语音应用,ide8 tacotron2.,ide8/tacotron2,https://github.com/ide8/tacotron2,./screenshots/tacotron2.jpg,tacotron2,True,https://github.com/ide8/tacotron2,BSD-3-Clause,2019-09-23 10:52:41,2021-04-09 14:37:51,2021-04-09 14:37:51,22,1.0,5.0,101,7.0,,,,,,6.0,9,3,,,,,
96,阅读理解,freefuiiismyname capsule-mrc.,freefuiiismyname/capsule-mrc,https://github.com/freefuiiismyname/capsule-mrc,./screenshots/capsule-mrc.jpg,capsule-mrc,True,https://github.com/freefuiiismyname/capsule-mrc,,2018-11-02 01:57:49,2019-08-08 02:51:35,2019-08-08 02:51:34,20,2.0,,88,27.0,,,,,,,7,3,,,,,
97,文本生成,kylemcdonald gpt-2-poetry.,kylemcdonald/gpt-2-poetry,https://github.com/kylemcdonald/gpt-2-poetry,./screenshots/gpt-2-poetry.jpg,gpt-2-poetry,True,https://github.com/kylemcdonald/gpt-2-poetry,MIT,2019-03-04 08:36:55,2019-03-06 22:45:54,2019-03-06 22:45:40,18,2.0,,84,6.0,,,,,,,8,3,,,,,
98,文本生成,YunwenTechnology QueryGeneration.,YunwenTechnology/QueryGeneration,https://github.com/YunwenTechnology/QueryGeneration,./screenshots/QueryGeneration.jpg,QueryGeneration,True,https://github.com/YunwenTechnology/QueryGeneration,,2020-06-20 02:54:47,2020-06-20 05:26:37,2020-06-20 05:26:36,21,6.0,2.0,83,7.0,,,,,,2.0,6,3,,,,,
99,序列标注,howl-anderson seq2annotation.,howl-anderson/seq2annotation,https://github.com/howl-anderson/seq2annotation,./screenshots/seq2annotation.jpg,seq2annotation,True,https://github.com/howl-anderson/seq2annotation,Apache-2.0,2018-11-16 06:40:26,2022-06-21 22:36:35,2021-06-03 02:13:58,21,5.0,5.0,80,413.0,,,,,,2.0,11,2,,,,,
100,情感分析,lsvih chinese-customer-review.,lsvih/chinese-customer-review,https://github.com/lsvih/chinese-customer-review,./screenshots/chinese-customer-review.jpg,chinese-customer-review,True,https://github.com/lsvih/chinese-customer-review,MIT,2018-10-25 14:12:13,2018-10-25 14:44:48,2018-10-25 14:40:06,17,,,34,2.0,,,,,,,7,3,,,,,
